"","Df","Sum Sq","Mean Sq","F value","Pr(>F)"
"environment",2,255553.604499954,127776.802249977,0.920432583428938,0.588044504602043
"environment:fact_date",24,3331741.30208984,138822.554253743,1012.22995022459,0
"Residuals",7211,988954.573515273,137.145274374604,NA,NA
