"","Df","Sum Sq","Mean Sq","F value","Pr(>F)"
"environment",2,183627.329547932,91813.664773966,3.54801460687516,0.92691017698582
"environment:fact_date",9,232897.28891321,25877.4765459122,216.987098316033,0
"Residuals",3224,384488.225482006,119.258134454717,NA,NA
